{
  "aux_output_loss": [
    0.3748905062675476,
    0.3474419116973877,
    0.340119332075119,
    0.33661898970603943,
    0.3346165716648102,
    0.3337920606136322,
    0.3320440649986267,
    0.3309403359889984,
    0.3306695222854614,
    0.3306291699409485,
    0.3295201063156128,
    0.32916077971458435,
    0.32931482791900635,
    0.32897549867630005,
    0.32800552248954773,
    0.3283877372741699,
    0.32781368494033813,
    0.32173535227775574,
    0.31940311193466187,
    0.3197413980960846,
    0.31973975896835327,
    0.31947585940361023,
    0.32008764147758484,
    0.31941112875938416,
    0.31537187099456787,
    0.31441596150398254,
    0.3145405054092407,
    0.3145693242549896,
    0.31385746598243713,
    0.31408241391181946,
    0.31376364827156067,
    0.313856303691864,
    0.31408578157424927,
    0.31151294708251953,
    0.3112114667892456
  ],
  "loss": [
    0.5104668140411377,
    0.3197491466999054,
    0.2961410582065582,
    0.28432101011276245,
    0.2754422128200531,
    0.2698237895965576,
    0.26629379391670227,
    0.2631829082965851,
    0.2604385018348694,
    0.259528249502182,
    0.25712552666664124,
    0.2557239234447479,
    0.2546309232711792,
    0.25377577543258667,
    0.25240641832351685,
    0.25267601013183594,
    0.25137555599212646,
    0.23047040402889252,
    0.22144383192062378,
    0.21840894222259521,
    0.217101588845253,
    0.21645300090312958,
    0.216439351439476,
    0.21527545154094696,
    0.20196235179901123,
    0.19630776345729828,
    0.19418282806873322,
    0.19257612526416779,
    0.1904975324869156,
    0.19048073887825012,
    0.18925291299819946,
    0.18865087628364563,
    0.18840336799621582,
    0.17991863191127777,
    0.1765197366476059
  ],
  "main_output_accuracy": [
    0.9334729909896851,
    0.9533399343490601,
    0.9569764733314514,
    0.9588740468025208,
    0.9601232409477234,
    0.9615628719329834,
    0.9618077278137207,
    0.9621455073356628,
    0.9628461003303528,
    0.9632405638694763,
    0.9631339907646179,
    0.9637438654899597,
    0.9644376039505005,
    0.96417236328125,
    0.9646121859550476,
    0.9644126892089844,
    0.9645124077796936,
    0.969584047794342,
    0.9705883860588074,
    0.9710894227027893,
    0.9709511399269104,
    0.970923900604248,
    0.970973789691925,
    0.9714090824127197,
    0.974900484085083,
    0.9759138822555542,
    0.9761881828308105,
    0.9761315584182739,
    0.9767051339149475,
    0.9763060808181763,
    0.9768275618553162,
    0.9768025875091553,
    0.9765849709510803,
    0.9794347286224365,
    0.9801375865936279
  ],
  "main_output_loss": [
    0.18233482539653778,
    0.1377888321876526,
    0.12836872041225433,
    0.12335632741451263,
    0.11938715726137161,
    0.11673298478126526,
    0.11499083787202835,
    0.11346384882926941,
    0.11207624524831772,
    0.11203725636005402,
    0.1106991320848465,
    0.10972580313682556,
    0.10878296941518784,
    0.10851622372865677,
    0.10751106590032578,
    0.10767985880374908,
    0.10672282427549362,
    0.09340395033359528,
    0.0900854766368866,
    0.08857205510139465,
    0.08796583116054535,
    0.08775155246257782,
    0.0876835361123085,
    0.08688214421272278,
    0.07638899981975555,
    0.0731888934969902,
    0.07228239625692368,
    0.0714990496635437,
    0.07030843198299408,
    0.07069970667362213,
    0.06992518901824951,
    0.06952414661645889,
    0.06940464675426483,
    0.06227026879787445,
    0.059701260179281235
  ],
  "val_aux_output_loss": [
    0.31590911746025085,
    0.3012634515762329,
    0.3008261024951935,
    0.29973217844963074,
    0.2983596920967102,
    0.297817587852478,
    0.2958984375,
    0.29678773880004883,
    0.2959257960319519,
    0.29097703099250793,
    0.2916034460067749,
    0.2889328598976135,
    0.29157063364982605,
    0.29315876960754395,
    0.2943435311317444,
    0.29298192262649536,
    0.29868990182876587,
    0.2814016044139862,
    0.2805456519126892,
    0.2822318971157074,
    0.27870625257492065,
    0.2836754322052002,
    0.2765330374240875,
    0.277052640914917,
    0.2750665545463562,
    0.274470716714859,
    0.27591413259506226,
    0.27498263120651245,
    0.2765069305896759,
    0.2732890248298645,
    0.27119845151901245,
    0.27426108717918396,
    0.2744235098361969,
    0.27342650294303894,
    0.2724611759185791
  ],
  "val_loss": [
    0.2992342710494995,
    0.2541279196739197,
    0.23989249765872955,
    0.2338383048772812,
    0.2291112095117569,
    0.23150117695331573,
    0.22790338099002838,
    0.24900014698505402,
    0.22479134798049927,
    0.21761341392993927,
    0.2163744866847992,
    0.22192662954330444,
    0.2196945697069168,
    0.21463434398174286,
    0.22348293662071228,
    0.219985693693161,
    0.21856999397277832,
    0.19484218955039978,
    0.19046759605407715,
    0.19428196549415588,
    0.1876646727323532,
    0.19637060165405273,
    0.19285205006599426,
    0.19131062924861908,
    0.17808066308498383,
    0.1784355193376541,
    0.17480678856372833,
    0.17387031018733978,
    0.1746070384979248,
    0.17286595702171326,
    0.17476391792297363,
    0.17376692593097687,
    0.17529797554016113,
    0.17218029499053955,
    0.17007534205913544
  ],
  "val_main_output_accuracy": [
    0.9610871076583862,
    0.9666914343833923,
    0.9698472619056702,
    0.969593346118927,
    0.9700376987457275,
    0.9686955809593201,
    0.9691399335861206,
    0.9599989056587219,
    0.969112753868103,
    0.9713616967201233,
    0.971742570400238,
    0.9690402150154114,
    0.9699289202690125,
    0.9721506834030151,
    0.9696024656295776,
    0.9702372550964355,
    0.9716790914535522,
    0.9747170805931091,
    0.9748349785804749,
    0.9736379384994507,
    0.9753881096839905,
    0.9725315570831299,
    0.9728670716285706,
    0.9739825129508972,
    0.9774466753005981,
    0.976830005645752,
    0.977773129940033,
    0.977818489074707,
    0.9780995845794678,
    0.9778910279273987,
    0.9767393469810486,
    0.9776461720466614,
    0.9767665266990662,
    0.9779726266860962,
    0.9788613319396973
  ],
  "val_main_output_loss": [
    0.11009861528873444,
    0.09353537112474442,
    0.08703765273094177,
    0.08652438223361969,
    0.0859839916229248,
    0.08976750820875168,
    0.08820032328367233,
    0.11036040633916855,
    0.08740455657243729,
    0.08254017680883408,
    0.08132251352071762,
    0.08808375895023346,
    0.08537033200263977,
    0.0802057534456253,
    0.08894257247447968,
    0.08572683483362198,
    0.08267517387866974,
    0.07324065268039703,
    0.07174833118915558,
    0.07598265260457993,
    0.07104354351758957,
    0.07834940403699875,
    0.07705267518758774,
    0.07558808475732803,
    0.06581787765026093,
    0.06796998530626297,
    0.0649828389286995,
    0.06494887918233871,
    0.06589488685131073,
    0.06553620100021362,
    0.06831584125757217,
    0.06654825061559677,
    0.06828667968511581,
    0.06636086851358414,
    0.06516215950250626
  ],