{
  "aux_output_loss": [
    0.37452784180641174,
    0.34737810492515564,
    0.3400859832763672,
    0.3363306224346161,
    0.33469632267951965,
    0.3325430154800415,
    0.33219972252845764,
    0.3304491639137268,
    0.33101630210876465,
    0.33077573776245117,
    0.32962682843208313,
    0.3295813798904419,
    0.32887670397758484,
    0.3283124268054962,
    0.3279383182525635,
    0.3277738094329834,
    0.3272940516471863,
    0.3269027769565582,
    0.32749804854393005,
    0.32055896520614624,
    0.3194773495197296,
    0.31801480054855347,
    0.3189544975757599,
    0.31836646795272827,
    0.31802237033843994,
    0.3175855278968811,
    0.3177778422832489,
    0.31751781702041626,
    0.317121297121048,
    0.3170258104801178,
    0.3173747658729553,
    0.3168414533138275,
    0.3122299909591675,
    0.31184637546539307,
    0.31197047233581543,
    0.357979953289032,
    0.20678192377090454,
    0.18112874031066895,
    0.1660025268793106,
    0.15820401906967163
  ],
  "loss": [
    0.7402425408363342,
    0.3193313181400299,
    0.29196664690971375,
    0.27897217869758606,
    0.2715393006801605,
    0.2648546099662781,
    0.26173630356788635,
    0.258870393037796,
    0.25669583678245544,
    0.25568687915802,
    0.2544298768043518,
    0.25255146622657776,
    0.2511897385120392,
    0.2501739263534546,
    0.24927596747875214,
    0.24877718091011047,
    0.2473452389240265,
    0.24719272553920746,
    0.24715185165405273,
    0.22573865950107574,
    0.2176671326160431,
    0.21402646601200104,
    0.2131563276052475,
    0.21184630692005157,
    0.21215030550956726,
    0.21104486286640167,
    0.21053214371204376,
    0.2096792310476303,
    0.20925173163414001,
    0.2096288949251175,
    0.20918385684490204,
    0.208614781498909,
    0.19591788947582245,
    0.19043417274951935,
    0.18755699694156647,
    0.6669586896896362,
    0.2654971480369568,
    0.20276117324829102,
    0.17889106273651123,
    0.16399264335632324
  ],
  "main_output_accuracy": [
    0.9235064387321472,
    0.9497259259223938,
    0.9540556073188782,
    0.9569962024688721,
    0.9582951068878174,
    0.9596165418624878,
    0.9605028033256531,
    0.9612357020378113,
    0.9620271921157837,
    0.9624263644218445,
    0.9628502726554871,
    0.9630938172340393,
    0.9635177850723267,
    0.9639259576797485,
    0.9640094041824341,
    0.9640657901763916,
    0.9648234844207764,
    0.9650196433067322,
    0.9649407267570496,
    0.9698634743690491,
    0.970887303352356,
    0.9709955453872681,
    0.9711421132087708,
    0.9715570211410522,
    0.9710564017295837,
    0.9716855883598328,
    0.9719764590263367,
    0.9718456864356995,
    0.9719449281692505,
    0.9720103144645691,
    0.9724928736686707,
    0.9723688364028931,
    0.9758506417274475,
    0.9766467213630676,
    0.9769173264503479,
    0.8405868411064148,
    0.9282124638557434,
    0.9473259449005127,
    0.9555366039276123,
    0.9589016437530518
  ],
  "main_output_loss": [
    0.20212407410144806,
    0.14731405675411224,
    0.13608115911483765,
    0.12862524390220642,
    0.1241087093949318,
    0.11976683884859085,
    0.11748126894235611,
    0.1153179332613945,
    0.11347577720880508,
    0.1127488985657692,
    0.11165065318346024,
    0.10986960679292679,
    0.1090133860707283,
    0.10806799679994583,
    0.10727770626544952,
    0.10703398287296295,
    0.10600974410772324,
    0.10583697259426117,
    0.10556121915578842,
    0.0914311558008194,
    0.08877813071012497,
    0.08730324357748032,
    0.08688746392726898,
    0.08601411432027817,
    0.0863536149263382,
    0.08539948612451553,
    0.08489995449781418,
    0.08412490785121918,
    0.08375420421361923,
    0.08398409187793732,
    0.08331520110368729,
    0.08282975107431412,
    0.07327689975500107,
    0.07026051729917526,
    0.06874679774045944,
    0.5557555556297302,
    0.19985653460025787,
    0.14481446146965027,
    0.12550733983516693,
    0.11294618248939514
  ],
  "val_aux_output_loss": [
    0.32399871945381165,
    0.3102954030036926,
    0.3108653426170349,
    0.3088349401950836,
    0.3102375566959381,
    0.3059372007846832,
    0.30591249465942383,
    0.30071693658828735,
    0.3049304485321045,
    0.304188996553421,
    0.29843074083328247,
    0.3042098581790924,
    0.3013196885585785,
    0.3059908151626587,
    0.3001857399940491,
    0.2935795485973358,
    0.30520424246788025,
    0.29913970828056335,
    0.30254754424095154,
    0.30102843046188354,
    0.29922208189964294,
    0.30042314529418945,
    0.29812008142471313,
    0.3035961985588074,
    0.29172590374946594,
    0.2988704741001129,
    0.2952997386455536,
    0.29585620760917664,
    0.29477009177207947,
    0.2961409091949463,
    0.29947903752326965,
    0.29495885968208313,
    0.28948044776916504,
    0.2895752787590027,
    0.28713637590408325,
    0.20178882777690887,
    0.16375622153282166,
    0.1499967724084854,
    0.14163532853126526,
    0.13602480292320251
  ],
  "val_loss": [
    0.5417014360427856,
    0.26544737815856934,
    0.2417391687631607,
    0.241852268576622,
    0.23804721236228943,
    0.22396524250507355,
    0.24240846931934357,
    0.22376486659049988,
    0.2171531468629837,
    0.2164805382490158,
    0.21664194762706757,
    0.22606387734413147,
    0.2145613133907318,
    0.21775244176387787,
    0.21482324600219727,
    0.2127639204263687,
    0.22323329746723175,
    0.2281966656446457,
    0.24161912500858307,
    0.21843725442886353,
    0.2156020998954773,
    0.195811927318573,
    0.2000434249639511,
    0.1980200707912445,
    0.19119013845920563,
    0.1908734291791916,
    0.19736826419830322,
    0.19880807399749756,
    0.1901247203350067,
    0.19977280497550964,
    0.2076549232006073,
    0.19727005064487457,
    0.18698397278785706,
    0.17912541329860687,
    0.18558795750141144,
    0.2707333266735077,
    0.16613562405109406,
    0.13811470568180084,
    0.12653322517871857,
    0.12012108415365219
  ],
  "val_main_output_accuracy": [
    0.8509150743484497,
    0.9608075022697449,
    0.966625452041626,
    0.9656422734260559,
    0.9663909673690796,
    0.9703868627548218,
    0.9633060693740845,
    0.9702425599098206,
    0.9727952480316162,
    0.9718841910362244,
    0.9716857671737671,
    0.9690067768096924,
    0.9724615216255188,
    0.9721187353134155,
    0.9727140665054321,
    0.9727140665054321,
    0.9703418016433716,
    0.9682671427726746,
    0.9641178846359253,
    0.9684926271438599,
    0.9681228399276733,
    0.9747526049613953,
    0.9730748534202576,
    0.9748337864875793,
    0.9747796654701233,
    0.9760695695877075,
    0.9741482734680176,
    0.9733905792236328,
    0.9767370820045471,
    0.9723622798919678,
    0.9701523780822754,
    0.9736972451210022,
    0.9755464196205139,
    0.9779547452926636,
    0.9747436046600342,
    0.9230096340179443,
    0.9578706622123718,
    0.9684366583824158,
    0.9715996980667114,
    0.9734840989112854
  ],