{
  "aux_output_loss": [
    0.38576623797416687,
    0.35267919301986694,
    0.3442479968070984,
    0.33935320377349854,
    0.33644288778305054,
    0.3344484567642212,
    0.333018958568573,
    0.3322087228298187,
    0.3245704770088196,
    0.3231780230998993,
    0.32289063930511475,
    0.3221369683742523,
    0.32155850529670715,
    0.32148975133895874,
    0.31697309017181396,
    0.315673828125,
    0.315118670463562,
    0.3149917423725128,
    0.31477677822113037,
    0.31466221809387207,
    0.31395843625068665,
    0.3139255940914154,
    0.3109213411808014,
    0.31064513325691223,
    0.31048616766929626,
    0.3106020987033844,
    0.31023815274238586,
    0.30890899896621704,
    0.3085910677909851,
    0.30859071016311646,
    0.30877944827079773,
    0.30816376209259033,
    0.30834224820137024,
    0.30811256170272827,
    0.30808815360069275,
    0.324174165725708,
    0.23520806431770325,
    0.21715155243873596,
    0.2082056850194931,
    0.20120207965373993
  ],
  "loss": [
    0.42056798934936523,
    0.2897080183029175,
    0.2709869146347046,
    0.26279690861701965,
    0.25907376408576965,
    0.2549785077571869,
    0.2517743706703186,
    0.2502373456954956,
    0.22797653079032898,
    0.21886789798736572,
    0.21491917967796326,
    0.2127572000026703,
    0.21078352630138397,
    0.20941457152366638,
    0.19723635911941528,
    0.1913355439901352,
    0.1891711950302124,
    0.18709342181682587,
    0.1855241358280182,
    0.1844068020582199,
    0.18351085484027863,
    0.18218326568603516,
    0.1749102920293808,
    0.17186890542507172,
    0.17068760097026825,
    0.16929584741592407,
    0.1682385355234146,
    0.16488154232501984,
    0.16305164992809296,
    0.16186155378818512,
    0.16123996675014496,
    0.16014133393764496,
    0.15952715277671814,
    0.15878719091415405,
    0.15864835679531097,
    0.32603874802589417,
    0.20579469203948975,
    0.1784551739692688,
    0.16051442921161652,
    0.14864090085029602
  ],
  "main_output_accuracy": [
    0.9259936809539795,
    0.9529069066047668,
    0.9578039646148682,
    0.9596086144447327,
    0.9611185193061829,
    0.9617941379547119,
    0.9628778100013733,
    0.963904857635498,
    0.9686204791069031,
    0.9697381854057312,
    0.970248281955719,
    0.9708309769630432,
    0.9712095856666565,
    0.9715654850006104,
    0.9750500917434692,
    0.9758867025375366,
    0.9761315584182739,
    0.9763469099998474,
    0.976791262626648,
    0.9769862294197083,
    0.9770610332489014,
    0.9774419665336609,
    0.9790561199188232,
    0.9798814058303833,
    0.9798859357833862,
    0.9804481863975525,
    0.9806885123252869,
    0.9814162254333496,
    0.9818038940429688,
    0.9821144938468933,
    0.9821462631225586,
    0.9823208451271057,
    0.9824024438858032,
    0.9825135469436646,
    0.9826087355613708,
    0.9391313791275024,
    0.9659031629562378,
    0.971183180809021,
    0.9760541319847107,
    0.9781363606452942
  ],
  "main_output_loss": [
    0.19796474277973175,
    0.13858795166015625,
    0.12666055560112,
    0.12072355300188065,
    0.11777321994304657,
    0.11458266526460648,
    0.11184514313936234,
    0.11038965731859207,
    0.09654715657234192,
    0.09309189766645432,
    0.09093908965587616,
    0.08968175947666168,
    0.08825834840536118,
    0.08719141036272049,
    0.0781233012676239,
    0.07490519434213638,
    0.07426896691322327,
    0.07318361848592758,
    0.07229576259851456,
    0.07154913991689682,
    0.07117880880832672,
    0.0701272040605545,
    0.0643962100148201,
    0.06228139251470566,
    0.06179416552186012,
    0.0609111525118351,
    0.06036645174026489,
    0.057815663516521454,
    0.05649057403206825,
    0.055656470358371735,
    0.055303577333688736,
    0.05465254560112953,
    0.05426732450723648,
    0.0538567490875721,
    0.05392923578619957,
    0.21622340381145477,
    0.12276975810527802,
    0.10089515149593353,
    0.08568822592496872,
    0.07595326006412506
  ],
  "val_aux_output_loss": [
    0.3274697959423065,
    0.31459227204322815,
    0.3023124635219574,
    0.30163899064064026,
    0.294849693775177,
    0.29661768674850464,
    0.29610133171081543,
    0.2948693037033081,
    0.2866210341453552,
    0.28681355714797974,
    0.283942312002182,
    0.2837754189968109,
    0.2814556956291199,
    0.2814176380634308,
    0.27969300746917725,
    0.27861034870147705,
    0.28060683608055115,
    0.2788488566875458,
    0.2757711410522461,
    0.2797262668609619,
    0.27859899401664734,
    0.2787749767303467,
    0.277484267950058,
    0.2765961289405823,
    0.27805835008621216,
    0.27448683977127075,
    0.2764424681663513,
    0.27726754546165466,
    0.27782532572746277,
    0.27604812383651733,
    0.2762284278869629,
    0.27515503764152527,
    0.27556517720222473,
    0.2755981385707855,
    0.2750174105167389,
    0.22654618322849274,
    0.2000984102487564,
    0.19083207845687866,
    0.18533116579055786,
    0.18164044618606567
  ],
  "val_loss": [
    0.26363927125930786,
    0.22677360475063324,
    0.21986012160778046,
    0.27964699268341064,
    0.21459178626537323,
    0.5233155488967896,
    0.23304088413715363,
    0.23126420378684998,
    0.185298353433609,
    0.18813088536262512,
    0.17799893021583557,
    0.18130601942539215,
    0.17954975366592407,
    0.18950039148330688,
    0.1733321249485016,
    0.17131702601909637,
    0.1643797606229782,
    0.17135828733444214,
    0.16193744540214539,
    0.16377578675746918,
    0.16303205490112305,
    0.16629409790039062,
    0.16020624339580536,
    0.1564163714647293,
    0.1565047800540924,
    0.1588013619184494,
    0.15858322381973267,
    0.15464289486408234,
    0.15451300144195557,
    0.15260131657123566,
    0.15191900730133057,
    0.1524415910243988,
    0.15268707275390625,
    0.15095344185829163,
    0.15197516977787018,
    0.1843598484992981,
    0.15991131961345673,
    0.14726261794567108,
    0.14065150916576385,
    0.13595277070999146
  ],
  "val_main_output_accuracy": [
    0.959581732749939,
    0.9676527380943298,
    0.9689404368400574,
    0.9453170299530029,
    0.9705092906951904,
    0.8342825174331665,
    0.9635809659957886,
    0.9645422101020813,
    0.9769660234451294,
    0.9750344753265381,
    0.9777550101280212,
    0.9765670299530029,
    0.9767302870750427,
    0.9742183089256287,
    0.9784169793128967,
    0.9780995845794678,
    0.9802488684654236,
    0.9776280522346497,
    0.9800583720207214,
    0.9796231389045715,
    0.9799314141273499,
    0.9788341522216797,
    0.9810559153556824,
    0.9817904829978943,
    0.9813370704650879,
    0.9802306890487671,
    0.980548083782196,
    0.9818449020385742,
    0.9819265007972717,
    0.982225775718689,
    0.9822983145713806,
    0.9819446206092834,
    0.9817179441452026,
    0.9824706315994263,
    0.9818539619445801,
    0.9701355695724487,
    0.9754729270935059,
    0.978005051612854,
    0.9794697165489197,
    0.9807358384132385
  ],