{
  "aux_output_loss": [
    0.3861314356327057,
    0.3524121046066284,
    0.3429839611053467,
    0.33944615721702576,
    0.337121844291687,
    0.334850549697876,
    0.3328391909599304,
    0.33201634883880615,
    0.33049333095550537,
    0.3300588130950928,
    0.32915815711021423,
    0.32915374636650085,
    0.3289293348789215,
    0.3277612030506134,
    0.321652889251709,
    0.318947434425354,
    0.31877270340919495,
    0.3187319040298462,
    0.3189263641834259,
    0.3182048499584198,
    0.31855475902557373,
    0.3176867365837097,
    0.31785911321640015,
    0.3171217739582062,
    0.31744295358657837,
    0.3167082667350769,
    0.31660303473472595,
    0.3163129687309265,
    0.3165767788887024,
    0.3120329976081848,
    0.31088587641716003,
    0.31083664298057556,
    0.31059685349464417,
    0.3108084797859192,
    0.31032493710517883,
    0.32739004492759705,
    0.24113228917121887,
    0.2203725278377533,
    0.20905163884162903,
    0.202626571059227
  ],
  "loss": [
    0.42528417706489563,
    0.2919427752494812,
    0.2715536057949066,
    0.2642597258090973,
    0.25926268100738525,
    0.25498923659324646,
    0.25304797291755676,
    0.2512497305870056,
    0.24870505928993225,
    0.24687907099723816,
    0.24572739005088806,
    0.24451614916324615,
    0.24269187450408936,
    0.24164582788944244,
    0.22153908014297485,
    0.21131287515163422,
    0.20851266384124756,
    0.20647135376930237,
    0.20533782243728638,
    0.20414979755878448,
    0.20346452295780182,
    0.20213580131530762,
    0.20165573060512543,
    0.2003965675830841,
    0.20004640519618988,
    0.1996530145406723,
    0.1985207349061966,
    0.19795987010002136,
    0.1977100670337677,
    0.18659411370754242,
    0.18117950856685638,
    0.1790778487920761,
    0.17768871784210205,
    0.17652414739131927,
    0.1751806139945984,
    0.34806886315345764,
    0.22070731222629547,
    0.19246380031108856,
    0.17260223627090454,
    0.16448335349559784
  ],
  "main_output_accuracy": [
    0.9259755611419678,
    0.9525464773178101,
    0.9571124911308289,
    0.9592458605766296,
    0.9605041146278381,
    0.9620230793952942,
    0.9623790383338928,
    0.9628415703773499,
    0.9633901715278625,
    0.9641972780227661,
    0.9648570418357849,
    0.9651540517807007,
    0.9655462503433228,
    0.9660744667053223,
    0.9703117609024048,
    0.9719803929328918,
    0.9719486832618713,
    0.9727149605751038,
    0.972785234451294,
    0.9732499718666077,
    0.9733293652534485,
    0.9734177589416504,
    0.9739618897438049,
    0.9742475152015686,
    0.9741908311843872,
    0.9744470715522766,
    0.9747803211212158,
    0.9748142957687378,
    0.9751158356666565,
    0.9779815077781677,
    0.9787840843200684,
    0.9790357351303101,
    0.9789291620254517,
    0.979006290435791,
    0.9795911908149719,
    0.9344463348388672,
    0.9620733261108398,
    0.9692124724388123,
    0.9727820158004761,
    0.9748643040657043
  ],
  "main_output_loss": [
    0.20014308393001556,
    0.14026986062526703,
    0.12742109596729279,
    0.12182006984949112,
    0.1176668107509613,
    0.11450053751468658,
    0.11286559700965881,
    0.11113455146551132,
    0.10930409282445908,
    0.10816764831542969,
    0.10734986513853073,
    0.106048084795475,
    0.10455776751041412,
    0.10369397699832916,
    0.09171890467405319,
    0.08742756396532059,
    0.08634086698293686,
    0.08498717099428177,
    0.0841643288731575,
    0.0834253802895546,
    0.08287132531404495,
    0.08189187198877335,
    0.08137363195419312,
    0.08016426861286163,
    0.07998925447463989,
    0.07961791753768921,
    0.07839749753475189,
    0.07816628366708755,
    0.07780894637107849,
    0.06991469115018845,
    0.06717773526906967,
    0.06633670628070831,
    0.06585769355297089,
    0.06515228748321533,
    0.06435497105121613,
    0.23178356885910034,
    0.130409374833107,
    0.10846389830112457,
    0.09210988879203796,
    0.08607876300811768
  ],
  "val_aux_output_loss": [
    0.3167107105255127,
    0.3073035180568695,
    0.29998892545700073,
    0.29964831471443176,
    0.30710139870643616,
    0.294497013092041,
    0.2915199100971222,
    0.2948891222476959,
    0.29508543014526367,
    0.2976367473602295,
    0.2920896112918854,
    0.2894085943698883,
    0.2947704792022705,
    0.2872947156429291,
    0.2814047336578369,
    0.2853105068206787,
    0.28164809942245483,
    0.2789660096168518,
    0.2835766673088074,
    0.2796662747859955,
    0.2802354097366333,
    0.2816234827041626,
    0.27703380584716797,
    0.2775241732597351,
    0.2805754244327545,
    0.27876660227775574,
    0.28018918633461,
    0.2789746820926666,
    0.27900931239128113,
    0.2766360938549042,
    0.2772507667541504,
    0.2758527100086212,
    0.27628472447395325,
    0.27548760175704956,
    0.2763349711894989,
    0.2299748659133911,
    0.20265626907348633,
    0.1934823840856552,
    0.18820823729038239,
    0.18426692485809326
  ],
  "val_loss": [
    0.2526048719882965,
    0.2269083708524704,
    0.23869073390960693,
    0.21893410384655,
    0.2274676114320755,
    0.2129957228899002,
    0.24759042263031006,
    0.22435972094535828,
    0.2006860077381134,
    0.21102894842624664,
    0.19981467723846436,
    0.21451810002326965,
    0.2123500555753708,
    0.20202121138572693,
    0.18189510703086853,
    0.17998576164245605,
    0.18287400901317596,
    0.18820804357528687,
    0.17493681609630585,
    0.1785154640674591,
    0.17411819100379944,
    0.1716638058423996,
    0.17223545908927917,
    0.17257249355316162,
    0.17104728519916534,
    0.16956236958503723,
    0.17155686020851135,
    0.16958318650722504,
    0.17721953988075256,
    0.16608096659183502,
    0.16330569982528687,
    0.16461750864982605,
    0.16491584479808807,
    0.15914495289325714,
    0.16225989162921906,
    0.2026984542608261,
    0.17490486800670624,
    0.1611281931400299,
    0.1531035304069519,
    0.14695420861244202
  ],
  "val_main_output_accuracy": [
    0.9635174870491028,
    0.9680607914924622,
    0.9621300101280212,
    0.9695571064949036,
    0.9669816493988037,
    0.9708720445632935,
    0.9582486748695374,
    0.9674713611602783,
    0.9751070141792297,
    0.9717244505882263,
    0.9749981760978699,
    0.9703642129898071,
    0.9711077809333801,
    0.9737557768821716,
    0.9769569635391235,
    0.977292537689209,
    0.9759141206741333,
    0.9740913510322571,
    0.9786800146102905,
    0.9769388437271118,
    0.97823566198349,
    0.9793782830238342,
    0.9789883494377136,
    0.978553056716919,
    0.9797137975692749,
    0.9796684384346008,
    0.9792331457138062,
    0.9799042344093323,
    0.9777277708053589,
    0.9798316955566406,
    0.98064786195755,
    0.9796866178512573,
    0.9792513251304626,
    0.9811103343963623,
    0.9804755449295044,
    0.9678764939308167,
    0.9716995358467102,
    0.9751750230789185,
    0.9772851467132568,
    0.9783029556274414
  ],