{
  "aux_output_loss": [
    0.3804708421230316,
    0.3528220057487488,
    0.34545430541038513,
    0.34215372800827026,
    0.34057116508483887,
    0.3386821746826172,
    0.3377149701118469,
    0.3375261127948761,
    0.33636096119880676,
    0.3357083201408386,
    0.335642546415329,
    0.33433613181114197,
    0.33369341492652893,
    0.3340655565261841,
    0.32674649357795715,
    0.32512739300727844,
    0.3247637450695038,
    0.3247387409210205,
    0.3245575726032257,
    0.3233070969581604,
    0.3241102397441864,
    0.323373407125473,
    0.323743611574173,
    0.32302090525627136,
    0.31897109746932983,
    0.31806543469429016,
    0.3174498975276947,
    0.3175570070743561,
    0.31660470366477966,
    0.31722956895828247,
    0.3168203830718994,
    0.31731879711151123,
    0.3164327144622803,
    0.31653332710266113,
    0.31654706597328186
  ],
  "loss": [
    0.5159145593643188,
    0.324863076210022,
    0.29890531301498413,
    0.28744247555732727,
    0.279959112405777,
    0.27426618337631226,
    0.2709067463874817,
    0.268492192029953,
    0.26510176062583923,
    0.26374906301498413,
    0.26097220182418823,
    0.2589178681373596,
    0.25800639390945435,
    0.2575548589229584,
    0.2349819839000702,
    0.2256080061197281,
    0.22241157293319702,
    0.22118477523326874,
    0.22002701461315155,
    0.21849170327186584,
    0.21803401410579681,
    0.2178557813167572,
    0.21750110387802124,
    0.21640072762966156,
    0.20356202125549316,
    0.19752155244350433,
    0.19498412311077118,
    0.19272936880588531,
    0.19092221558094025,
    0.19076190888881683,
    0.18963825702667236,
    0.1890425980091095,
    0.1883041262626648,
    0.18816149234771729,
    0.1879589557647705
  ],
  "main_output_accuracy": [
    0.9327080249786377,
    0.9531417489051819,
    0.9568995833396912,
    0.9586483836174011,
    0.959734320640564,
    0.9604333639144897,
    0.9614717960357666,
    0.9620464444160461,
    0.9625011682510376,
    0.9626572728157043,
    0.9632455110549927,
    0.9637454748153687,
    0.963489830493927,
    0.9636165499687195,
    0.9687068462371826,
    0.9702113270759583,
    0.970634400844574,
    0.9706186056137085,
    0.9708765149116516,
    0.9710574746131897,
    0.9714194536209106,
    0.9714986681938171,
    0.9714081287384033,
    0.9718583822250366,
    0.9750596284866333,
    0.9762586951255798,
    0.9767088890075684,
    0.9765957593917847,
    0.9769577383995056,
    0.9769600033760071,
    0.9772428274154663,
    0.9770414233207703,
    0.9774169921875,
    0.9771115779876709,
    0.9772450923919678
  ],
  "main_output_loss": [
    0.18186752498149872,
    0.13899074494838715,
    0.128428116440773,
    0.12346567958593369,
    0.12030845135450363,
    0.11742019653320312,
    0.11565198749303818,
    0.11441756039857864,
    0.11232008039951324,
    0.11213573068380356,
    0.11065199226140976,
    0.10960035026073456,
    0.10976017266511917,
    0.10956574231386185,
    0.09542477130889893,
    0.09144829958677292,
    0.09008675813674927,
    0.0894661620259285,
    0.08867523819208145,
    0.08741547167301178,
    0.08685986697673798,
    0.0867239385843277,
    0.08627203851938248,
    0.08530744910240173,
    0.07533030956983566,
    0.07187677919864655,
    0.07079292088747025,
    0.06938353925943375,
    0.06854671984910965,
    0.0687299445271492,
    0.06809040158987045,
    0.06755296885967255,
    0.06724096089601517,
    0.06719320267438889,
    0.06702611595392227
  ],
  "val_aux_output_loss": [
    0.3358941972255707,
    0.32660555839538574,
    0.32389330863952637,
    0.31826817989349365,
    0.32163289189338684,
    0.3144935369491577,
    0.31723275780677795,
    0.32280051708221436,
    0.31742599606513977,
    0.31257888674736023,
    0.3148336410522461,
    0.3251580595970154,
    0.31305310130119324,
    0.3129284381866455,
    0.29624322056770325,
    0.29679685831069946,
    0.2997274696826935,
    0.2996766269207001,
    0.29727932810783386,
    0.2956847846508026,
    0.2959723174571991,
    0.29923003911972046,
    0.2992126941680908,
    0.2970874607563019,
    0.28839111328125,
    0.2868102788925171,
    0.28694871068000793,
    0.28636473417282104,
    0.2861748933792114,
    0.28717151284217834,
    0.2911549508571625,
    0.28724104166030884,
    0.28791502118110657,
    0.2838214337825775,
    0.2898264527320862
  ],
  "val_loss": [
    0.31726303696632385,
    0.26071697473526,
    0.3724088966846466,
    0.25289568305015564,
    0.2560797929763794,
    0.24844567477703094,
    0.24149581789970398,
    0.23445573449134827,
    0.24330715835094452,
    0.23744511604309082,
    0.22869734466075897,
    0.23209524154663086,
    0.2324799746274948,
    0.23629510402679443,
    0.20093439519405365,
    0.1948859989643097,
    0.19523492455482483,
    0.19716563820838928,
    0.1942470818758011,
    0.20412558317184448,
    0.19410717487335205,
    0.19830308854579926,
    0.19522222876548767,
    0.19405844807624817,
    0.1872260719537735,
    0.1804831475019455,
    0.18336690962314606,
    0.18144184350967407,
    0.17922356724739075,
    0.17967845499515533,
    0.1777448207139969,
    0.1809549480676651,
    0.17621076107025146,
    0.17590990662574768,
    0.1783292144536972
  ],
  "val_main_output_accuracy": [
    0.9574856758117676,
    0.9674220085144043,
    0.9148628115653992,
    0.9655216336250305,
    0.962091863155365,
    0.9641098976135254,
    0.967005729675293,
    0.9701458811759949,
    0.9658383131027222,
    0.9670419096946716,
    0.9698653221130371,
    0.9697386622428894,
    0.9684264659881592,
    0.9665442109107971,
    0.9744986891746521,
    0.9762452244758606,
    0.9760461449623108,
    0.9753945469856262,
    0.9754579067230225,
    0.9714490175247192,
    0.9750416278839111,
    0.9740733504295349,
    0.9751864075660706,
    0.9758470058441162,
    0.9757746458053589,
    0.9779826998710632,
    0.9762361645698547,
    0.9769148826599121,
    0.977466881275177,
    0.9775121212005615,
    0.9781546592712402,
    0.976561963558197,
    0.9782089591026306,
    0.9779736399650574,
    0.9780731797218323
  ],
  "val_main_output_loss": [
    0.11794914305210114,
    0.09229942411184311,
    0.21226690709590912,
    0.09860338270664215,
    0.10341143608093262,
    0.099842868745327,
    0.09341631084680557,
    0.08563370257616043,
    0.09661544859409332,
    0.09386767446994781,
    0.08506962656974792,
    0.08554285764694214,
    0.09092189371585846,
    0.09489273279905319,
    0.07400079816579819,
    0.07037752121686935,
    0.07089724391698837,
    0.07332183420658112,
    0.07127774506807327,
    0.08159388601779938,
    0.07140646874904633,
    0.07460179924964905,
    0.07149174809455872,
    0.07072103768587112,
    0.06959273666143417,
    0.0650763139128685,
    0.06887476146221161,
    0.06794314086437225,
    0.06628327071666718,
    0.0669415071606636,
    0.06405872106552124,
    0.06853430718183517,
    0.06382641196250916,
    0.06480872631072998,
    0.06541773676872253
  ],